Workbook

Sheet kategori
A1: nama_perk | B1: kode_perk | C1: parent | D1: level
A2: ISOLASI | B2: 15.01 | C2: 15 | D2: 2
A3: ISOLASI TAHAN PANAS | B3: 15.01.01 | C3: 15.01 | D3: 3
A4: FABRIC | B4: 15.02 | C4: 15 | D4: 2
A5: PTFE COATED FABRIC | B5: 15.02.01 | C5: 15.02 | D5: 3
A6: PTFE COATED GLASS | B6: 15.02.02 | C6: 15.02 | D6: 3
A7: DOUBLE TAPE | B7: 15.03 | C7: 15 | D7: 2
A8: DOUBLE TAPE NITTO | B8: 15.03.01 | C8: 15.03 | D8: 3
A9: DOUBLE TAPE | B9: 15.03.02 | C9: 15.03 | D9: 3
A10: AFT SCAPA | B10: 15.03.03 | C10: 15.03 | D10: 3
A11: fabric with adeshive | B11: 15.04 | C11: 15 | D11: 2
A12: PTFE COATED FABRIC WITH ADESHIVE | B12: 15.04.01 | C12: 15.04 | D12: 3
A13: accecoris op mesh | B13: 15.05 | C13: 15 | D13: 2
... A112: TIMING BELT | B112: 15.25.02 | C112: 15.25 | D112: 3

Sheet item_barang
A1: ISOLASI | B1: SG25T03-8mm | C1: ISOLASI TAHAN PANAS | D1: 15.01.01
B2: SG25T03-10mm | C2: ISOLASI TAHAN PANAS
B3: SG25T03-13mm | C3: ISOLASI TAHAN PANAS
B4: SG25T03-19mm | C4: ISOLASI TAHAN PANAS
B5: SG25T03-20mm | C5: ISOLASI TAHAN PANAS
B6: SG25T03-25mm | C6: ISOLASI TAHAN PANAS
B7: SG25T03-30mm | C7: ISOLASI TAHAN PANAS
B8: SG25T03-40mm | C8: ISOLASI TAHAN PANAS
B9: SG25T03-50mm | C9: ISOLASI TAHAN PANAS
B10: SG25T03-60mm | C10: ISOLASI TAHAN PANAS
B11: SG25T03-100mm | C11: ISOLASI TAHAN PANAS
B12: SG25T03- 1000mm | C12: ISOLASI TAHAN PANAS
B13: SG25T05-500MM | C13: ISOLASI TAHAN PANAS
B14: SG25T05-50MM | C14: ISOLASI TAHAN PANAS
A16: ISOLASI | B16: N973UL-8 | C16: ISOLASI TAHAN PANAS
B17: N973UL-10 | C17: ISOLASI TAHAN PANAS
B18: N973UL-13 | C18: ISOLASI TAHAN PANAS
B19: N973UL-19 | C19: ISOLASI TAHAN PANAS
B20: N973UL-25 | C20: ISOLASI TAHAN PANAS
B21: N973UL-30 | C21: ISOLASI TAHAN PANAS
B22: N973UL-50 | C22: ISOLASI TAHAN PANAS
B23: N973UL-300 | C23: ISOLASI TAHAN PANAS
B24: N973UL-600 | C24: ISOLASI TAHAN PANAS
A26: ISOLASI | B26: N903UL-13 | C26: ISOLASI TAHAN PANAS
B27: N903UL-19 | C27: ISOLASI TAHAN PANAS
B28: N903UL-25 | C28: ISOLASI TAHAN PANAS
B29: N903UL-50 | C29: ISOLASI TAHAN PANAS
A31: ISOLASI | B31: N923S-38 | C31: ISOLASI TAHAN PANAS
B32: N923S-50 | C32: ISOLASI TAHAN PANAS
A34: ISOLASI | B34: N973UL-13 D | C34: ISOLASI TAHAN PANAS
B35: N973UL-19 D | C35: ISOLASI TAHAN PANAS
B36: N973UL-25 D | C36: ISOLASI TAHAN PANAS
B37: N973UL-50 D | C37: ISOLASI TAHAN PANAS
B38: N973 0.18-50 D | C38: ISOLASI TAHAN PANAS
A40: ISOLASI | B40: CHK AGF 100-10MM | C40: ISOLASI TAHAN PANAS
B41: CHK AGF 100-25MM | C41: ISOLASI TAHAN PANAS
B42: CHK AGF 100-50MM | C42: ISOLASI TAHAN PANAS
B43: CHK ASF 110-50MM | C43: ISOLASI TAHAN PANAS
B44: CHK ASF 110-250MM | C44: ISOLASI TAHAN PANAS
B45: CHK AGF 0.13-25MM | C45: ISOLASI TAHAN PANAS
B46: CHK AGF 0.13-13MM | C46: ISOLASI TAHAN PANAS
B47: CHK AGF 0.13-50MM | C47: ISOLASI TAHAN PANAS
B48: CHK ASF 121 -13MM | C48: ISOLASI TAHAN PANAS
A50: ISOLASI | B50: TP-500MM | C50: ISOLASI TAHAN PANAS
B51: TP-13MM | C51: ISOLASI TAHAN PANAS
B52: TP- 19MM | C52: ISOLASI TAHAN PANAS
B54: TP 400 WHITE | C54: ISOLASI TAHAN PANAS
A56: ISOLASI | B56: R253-375 | C56: ISOLASI TAHAN PANAS
B57: R253-50 | C57: ISOLASI TAHAN PANAS
B58: R253-38 | C58: ISOLASI TAHAN PANAS
B59: R253-25 | C59: ISOLASI TAHAN PANAS
B60: PSAT2255-585 | C60: ISOLASI TAHAN PANAS
B61: PSAT2255-50 | C61: ISOLASI TAHAN PANAS
B62: PSAT 2255-38 | C62: ISOLASI TAHAN PANAS
B63: PSAT2255-25 | C63: ISOLASI TAHAN PANAS
B64: PSAT2253-38 | C64: ISOLASI TAHAN PANAS
B65: PSAT2300-10R-650 | C65: ISOLASI TAHAN PANAS
B66: PSAT2300-10R-25 | C66: ISOLASI TAHAN PANAS
B67: PSAT2300-10R-24 | C67: ISOLASI TAHAN PANAS
B68: PSAT2253-25 | C68: ISOLASI TAHAN PANAS
A71: FABRIC | B71: CF 205 | C71: PTFE COATED FABRIC
B72: CF 305 | C72: PTFE COATED FABRIC
B73: CF 206 | C73: PTFE COATED FABRIC
B74: CF 310 | C74: PTFE COATED FABRIC
B75: CF 310 -150X19750 | C75: PTFE COATED FABRIC
B76: CF 314 | C76: PTFE COATED FABRIC
B77: CF 910-1 | C77: PTFE COATED FABRIC
B78: CF 105 | C78: PTFE COATED FABRIC
B79: CF 105-R50 | C79: PTFE COATED FABRIC
B80: CF 110-1AS | C80: PTFE COATED FABRIC
B81: CF 205AS | C81: PTFE COATED FABRIC
B82: CF 214AS | C82: PTFE COATED FABRIC
B83: CF 214AS-2000 | C83: PTFE COATED GLASS
... B117: NSRGC-R10 | C117: PTFE COATED FABRIC
A119: DOUBLE TAPE | B119: N5000NC | C119: DOUBLE TAPE NITTO
B120: N5000NC-740 | C120: DOUBLE TAPE NITTO
B121: N5000NC-20MMX50ML | C121: DOUBLE TAPE NITTO
B122: N501 | C122: DOUBLE TAPE NITTO
B123: N501-20MM | C123: DOUBLE TAPE NITTO
B124: BM 1210-1050 | C124: DOUBLE TAPE
B125: AS 1250G-SPE | C125: AFT SCAPA
B126: AS125-1000 | C126: AFT SCAPA
A129: fabric with adeshive | B129: CS 205ASS | C129: PTFE COATED FABRIC WITH ADESHIVE
B130: CS 405S | C130: PTFE COATED FABRIC WITH ADESHIVE
B131: CS 205-7013AJ | C131: PTFE COATED FABRIC WITH ADESHIVE
B132: CS 203 AJ | C132: PTFE COATED FABRIC WITH ADESHIVE
B133: CS9025AJ | C133: PTFE COATED FABRIC WITH ADESHIVE
B134: CS 205S-10ML | C134: PTFE COATED FABRIC WITH ADESHIVE
B135: CS 410 | C135: PTFE COATED FABRIC WITH ADESHIVE
A137: accecoris op mesh | B137: BENANG BIRU-ROLL | C137: ACC OPEN MESH
B138: BENANG BIRU - MTR NEW | C138: ACC OPEN MESH
B139: BENANG NOMEX | C139: ACC OPEN MESH
B140: BENANG NOMEX-MTR | C140: ACC OPEN MESH
B141: BENANG KEV COKLAT | C141: ACC OPEN MESH
B142: BENANG KUNING -0.5 KG | C142: ACC OPEN MESH
B143: BENANG KUNING- 0.55kg | C143: ACC OPEN MESH
B144: BENANG KUNING -MTR | C144: ACC OPEN MESH
B145: BENANG KUNING SEALING | C145: ACC OPEN MESH
B146: BENANG KUNING -MTR 0.72KG | C146: ACC OPEN MESH
B147: BENANG TEFLON WHITE-RL | C147: ACC OPEN MESH
...

Sheet item_inv
A1: kode_perk | B1: kode_barang | C1: uraian | D1: qty | E1: satuan | F1: harga | G1: total
A2: =VLOOKUP(item_inv!C2,kategori!$A$2:$B$121,2,FALSE) -> 15.01.01 | B2: SG25T03-8mm | C2: ISOLASI TAHAN PANAS | D2: 78 | E2: RL | F2: 24409.78 | G2: 1903962.8
A3: =VLOOKUP(item_inv!C3,kategori!$A$2:$B$121,2,FALSE) -> 15.01.01 | B3: SG25T03-10mm | C3: ISOLASI TAHAN PANAS | D3: 108 | E3: RL | F3: 30341.33 | G3: 3276863.6
A4: =VLOOKUP(item_inv!C4,kategori!$A$2:$B$121,2,FALSE) -> 15.01.01 | B4: SG25T03-13mm | C4: ISOLASI TAHAN PANAS | D4: 132 | E4: RL | F4: 39264.64 | G4: 5182932.5
A5: =VLOOKUP(item_inv!C5,kategori!$A$2:$B$121,2,FALSE) -> 15.01.01 | B5: SG25T03-19mm | C5: ISOLASI TAHAN PANAS | D5: 99 | E5: RL | F5: 56965.24 | G5: 5639558.8
A6: =VLOOKUP(item_inv!C6,kategori!$A$2:$B$121,2,FALSE) -> 15.01.01 | B6: SG25T03-20mm | C6: ISOLASI TAHAN PANAS | D6: 6 | E6: RL | F6: 64841.98 | G6: 389051.88
A7: =VLOOKUP(item_inv!C7,kategori!$A$2:$B$121,2,FALSE) -> 15.01.01 | B7: SG25T03-25mm | C7: ISOLASI TAHAN PANAS | D7: 44 | E7: RL | F7: 74995.91 | G7: 3299820
A8: =VLOOKUP(item_inv!C8,kategori!$A$2:$B$121,2,FALSE) -> 15.01.01 | B8: SG25T03-30mm | C8: ISOLASI TAHAN PANAS | D8: 0 | E8: RL | F8: 97283.68 | G8: 0
A9: =VLOOKUP(item_inv!C9,kategori!$A$2:$B$121,2,FALSE) -> 15.01.01 | B9: SG25T03-40mm | C9: ISOLASI TAHAN PANAS | D9: 0 | E9: RL | F9: 0 | G9: 0
A10: =VLOOKUP(item_inv!C10,kategori!$A$2:$B$121,2,FALSE) -> 15.01.01 | B10: SG25T03-50mm | C10: ISOLASI TAHAN PANAS | D10: 40 | E10: RL | F10: 150271.06 | G10: 6010842.4
A11: =VLOOKUP(item_inv!C11,kategori!$A$2:$B$121,2,FALSE) -> 15.01.01 | B11: SG25T03-60mm | C11: ISOLASI TAHAN PANAS | D11: 0 | E11: RL | F11: 0 | G11: 0
A12: =VLOOKUP(item_inv!C12,kategori!$A$2:$B$121,2,FALSE) -> 15.01.01 | B12: SG25T03-100mm | C12: ISOLASI TAHAN PANAS | D12: 0 | E12: RL | F12: 0 | G12: 0
A13: =VLOOKUP(item_inv!C13,kategori!$A$2:$B$121,2,FALSE) -> 15.01.01 | B13: SG25T03- 1000mm | C13: ISOLASI TAHAN PANAS | D13: 210 | E13: RL | F13: 3031087 | G13: 636528270
... A94: =VLOOKUP(item_inv!C94,kategori!$A$2:$B$121,2,FALSE) -> 15.02.01 | B94: TF 610 RS | C94: PTFE COATED FABRIC | D94: 315 | E94: ML | F94: 60529.76 | G94: 19066874
A95: =VLOOKUP(item_inv!C95,kategori!$A$2:$B$121,2,FALSE) -> 15.02.01 | B95: TF 618 RS | C95: PTFE COATED FABRIC | D95: 195 | F95: 93320.21 | G95: 18197441
A96: =VLOOKUP(item_inv!C96,kategori!$A$2:$B$121,2,FALSE) -> 15.02.01 | B96: TF 910 P | C96: PTFE COATED FABRIC | D96: 336.6 | E96: ML | F96: 40217 | G96: 13537042
A97: =VLOOKUP(item_inv!C97,kategori!$A$2:$B$121,2,FALSE) -> 15.02.01 | B97: TF 910P-10ML | C97: PTFE COATED FABRIC | D97: 1 | E97: RL | F97: 563736.4 | G97: 563736.4
A98: =VLOOKUP(item_inv!C98,kategori!$A$2:$B$121,2,FALSE) -> 15.02.01 | B98: TF 910A | C98: PTFE COATED FABRIC | D98: 315 | E98: ML | F98: 58652 | G98: 18475380
A99: =VLOOKUP(item_inv!C99,kategori!$A$2:$B$121,2,FALSE) -> 15.02.01 | B99: TF 920 P | C99: PTFE COATED FABRIC | D99: 419 | E99: ML | F99: 92342 | G99: 38691298
A100: =VLOOKUP(item_inv!C100,kategori!$A$2:$B$121,2,FALSE) -> 15.02.01 | B100: TF 613 RS | C100: PTFE COATED FABRIC | D100: 419.6 | E100: ML | F100: 74366 | G100: 31203974
A101: =VLOOKUP(item_inv!C101,kategori!$A$2:$B$121,2,FALSE) -> 15.02.01 | B101: TF 613 RS-10ML | C101: PTFE COATED FABRIC | D101: 1 | E101: RL | F101: 977973 | G101: 977973
A102: =VLOOKUP(item_inv!C102,kategori!$A$2:$B$121,2,FALSE) -> 15.02.01 | B102: TF 615 RS | C102: PTFE COATED FABRIC | D102: 107 | E102: ML | F102: 113816.1 | G102: 12178323
A103: =VLOOKUP(item_inv!C103,kategori!$A$2:$B$121,2,FALSE) -> 15.02.01 | B103: N970-2-0.05 | C103: PTFE COATED FABRIC | D103: 20 | E103: ML | F103: 143140 | G103: 2862800
A104: =VLOOKUP(item_inv!C104,kategori!$A$2:$B$121,2,FALSE) -> 15.02.01 | B104: N970-2-0.07 | C104: PTFE COATED FABRIC | D104: 5 | E104: RL | F104: 3650818.4 | G104: 18254092
A105: =VLOOKUP(item_inv!C105,kategori!$A$2:$B$121,2,FALSE) -> 15.02.01 | B105: N970-2-0.10 | C105: PTFE COATED FABRIC | D105: 1 | E105: RL | F105: 3533805.4 | G105: 3533805.4
A106: =VLOOKUP(item_inv!C106,kategori!$A$2:$B$121,2,FALSE) -> 15.02.01 | B106: N970-2-0.10-MTR | C106: PTFE COATED FABRIC | D106: 5.3 | E106: ML | F106: 339215 | G106: 1797839.5
A107: =VLOOKUP(item_inv!C107,kategori!$A$2:$B$121,2,FALSE) -> 15.02.01 | B107: NSRGC-R10 | C107: PTFE COATED FABRIC | D107: 7 | E107: RL | F107: 1 | G107: 0
... A121: =VLOOKUP(item_inv!C121,kategori!$A$2:$B$121,2,FALSE) -> 15.04.01 | B121: CS 205S-10ML | C121: PTFE COATED FABRIC WITH ADESHIVE | D121: 1 | E121: RL | F121: 1446434 | G121: 1446434
A122: =VLOOKUP(item_inv!C122,kategori!$A$2:$B$121,2,FALSE) -> 15.04.01 | B122: CS 410 | C122: PTFE COATED FABRIC WITH ADESHIVE | D122: 9.5 | E122: ML | F122: 1
A123: =VLOOKUP(item_inv!C123,kategori!$A$2:$B$121,2,FALSE) -> 15.05.01 | B123: BENANG BIRU-ROLL | C123: ACC OPEN MESH | D123: 1 | E123: RL | F123: 1406887 | G123: 1406887
A124: =VLOOKUP(item_inv!C124,kategori!$A$2:$B$121,2,FALSE) -> 15.05.01 | B124: BENANG BIRU - MTR NEW | C124: ACC OPEN MESH | D124: 100.14 | E124: ML | F124: 1607 | G124: 160924.98
A125: =VLOOKUP(item_inv!C125,kategori!$A$2:$B$121,2,FALSE) -> 15.05.01 | B125: BENANG NOMEX | C125: ACC OPEN MESH | D125: 2 | E125: RL | F125: 410795 | G125: 821590
A126: =VLOOKUP(item_inv!C126,kategori!$A$2:$B$121,2,FALSE) -> 15.05.01 | B126: BENANG NOMEX-MTR | C126: ACC OPEN MESH | D126: 1854 | E126: ML | F126: 206 | G126: 381924
A127: =VLOOKUP(item_inv!C127,kategori!$A$2:$B$121,2,FALSE) -> 15.05.01 | B127: BENANG KEV COKLAT | C127: ACC OPEN MESH | D127: 6 | E127: RL | F127: 462610 | G127: 2775660
A128: =VLOOKUP(item_inv!C128,kategori!$A$2:$B$121,2,FALSE) -> 15.05.01 | B128: BENANG KUNING -0.5 KG | C128: ACC OPEN MESH | D128: 9 | E128: RL | F128: 534006 | G128: 4806054
A129: =VLOOKUP(item_inv!C129,kategori!$A$2:$B$121,2,FALSE) -> 15.05.01 | B129: BENANG KUNING- 0.55kg | C129: ACC OPEN MESH | D129: 1 | E129: RL | F129: 649561 | G129: 649561
A130: =VLOOKUP(item_inv!C130,kategori!$A$2:$B$121,2,FALSE) -> 15.05.01 | B130: BENANG KUNING -MTR | C130: ACC OPEN MESH | D130: 0 | E130: ML | F130: 0 | G130: 0
A131: =VLOOKUP(item_inv!C131,kategori!$A$2:$B$121,2,FALSE) -> 15.05.01 | B131: BENANG KUNING SEALING | C131: ACC OPEN MESH | D131: 1909 | E131: ML | F131: 297.28 | G131: 567507.52
A132: =VLOOKUP(item_inv!C132,kategori!$A$2:$B$121,2,FALSE) -> 15.05.01 | B132: BENANG KUNING -MTR 0.72KG | C132: ACC OPEN MESH | D132: 135 | E132: ML | F132: 685.11 | G132: 92489.85
A133: =VLOOKUP(item_inv!C133,kategori!$A$2:$B$121,2,FALSE) -> 15.05.01 | B133: BENANG TEFLON WHITE-RL | C133: ACC OPEN MESH | D133: 0 | E133: RL | F133: 0 | G133: 0
A134: =VLOOKUP(item_inv!C134,kategori!$A$2:$B$121,2,FALSE) -> 15.05.01 | B134: BENANG TEFLON WHITE | C134: ACC OPEN MESH | D134: 1544 | E134: ML | F134: 1249 | G134: 1928456
... A152: =VLOOKUP(item_inv!C152,kategori!$A$2:$B$121,2,FALSE) -> 15.05.01 | B152: PFA 60MM-RL | C152: ACC OPEN MESH | D152: 1 | E152: RL | F152: 651908 | G152: 651908
A153: =VLOOKUP(item_inv!C153,kategori!$A$2:$B$121,2,FALSE) -> 15.05.01 | B153: 9013BJ-MTR | C153: ACC OPEN MESH | G153: 0
A154: =VLOOKUP(item_inv!C154,kategori!$A$2:$B$121,2,FALSE) -> 15.05.01 | B154: SKIVED PTH-60MM | C154: ACC OPEN MESH | D154: 10.5 | E154: ML | F154: 5652 | G154: 59346
A155: =VLOOKUP(item_inv!C155,kategori!$A$2:$B$121,2,FALSE) -> 15.05.01 | B155: KEV TCK 106-MTR | C155: ACC OPEN MESH | G155: 0
A156: =VLOOKUP(item_inv!C156,kategori!$A$2:$B$121,2,FALSE) -> 15.05.01 | B156: SKIVED PTH-50MM | C156: ACC OPEN MESH | D156: 82.3 | E156: ML | F156: 10047 | G156: 826868.1
A157: =VLOOKUP(item_inv!C157,kategori!$A$2:$B$121,2,FALSE) -> 15.05.01 | B157: TRX 105 | C157: ACC OPEN MESH | D157: 30.8 | E157: ML | F157: 1 | G157: 0
A158: =VLOOKUP(item_inv!C158,kategori!$A$2:$B$121,2,FALSE) -> 15.05.01 | B158: SKIVED PTH-100ML | C158: ACC OPEN MESH | D158: 203.8 | E158: ML | F158: 8049 | G158: 1640386.2
A159: =VLOOKUP(item_inv!C159,kategori!$A$2:$B$121,2,FALSE) -> 15.05.01 | B159: SKIVED RED 50MM | C159: ACC OPEN MESH | D159: 99.62 | E159: ML | F159: 5476 | G159: 545519.12
A160: =VLOOKUP(item_inv!C160,kategori!$A$2:$B$121,2,FALSE) -> 15.05.01 | B160: TCK 105-50MM NEW-MTR | C160: ACC OPEN MESH | G160: 0
A161: =VLOOKUP(item_inv!C161,kategori!$A$2:$B$121,2,FALSE) -> 15.05.01 | B161: SKIVED TAPE 50 MM-MTR | C161: ACC OPEN MESH | D161: 144.2 | E161: ML | F161: 5173 | G161: 745946.6
A162: =VLOOKUP(item_inv!C162,kategori!$A$2:$B$121,2,FALSE) -> 15.05.01 | B162: SKIVED TAPE 50 CM-MTR | C162: ACC OPEN MESH | D162: 62 | E162: ML | F162: 5175 | G162: 320850
A163: =VLOOKUP(item_inv!C163,kategori!$A$2:$B$121,2,FALSE) -> 15.05.01 | B163: PFA-62MM | C163: ACC OPEN MESH | D163: 158 | E163: ML | F163: 6519 | G163: 1030002
A164: =VLOOKUP(item_inv!C164,kategori!$A$2:$B$121,2,FALSE) -> 15.05.01 | B164: PFA 50MM NEW | C164: ACC OPEN MESH | D164: 360.55 | E164: ML | F164: 4248 | G164: 1531616.4
A165: =VLOOKUP(item_inv!C165,kategori!$A$2:$B$121,2,FALSE) -> 15.05.01 | B165: PFA 100MM | C165: ACC OPEN MESH | D165: 338.4 | E165: ML | F165: 14337 | G165: 4851640.8
A166: =VLOOKUP(item_inv!C166,kategori!$A$2:$B$121,2,FALSE) -> 15.05.01 | B166: PFA WHITE 60MM | C166: ACC OPEN MESH | D166: 31.42 | E166: ML | F166: 6800 | G166: 213656
A167: =VLOOKUP(item_inv!C167,kategori!$A$2:$B$121,2,FALSE) -> 15.05.01 | B167: TCK 110-50MM-MTR | C167: ACC OPEN MESH | D167: 46 | E167: ML | F167: 35406 | G167: 1628676
A168: =VLOOKUP(item_inv!C168,kategori!$A$2:$B$121,2,FALSE) -> 15.05.01 | B168: PFA-75MM | C168: ACC OPEN MESH | D168: 20.81 | E168: ML | F168: 46872 | G168: 975406.32
A169: =VLOOKUP(item_inv!C169,kategori!$A$2:$B$121,2,FALSE) -> 15.05.01 | B169: PFA-50MM-RL | C169: ACC OPEN MESH | D169: 11 | E169: RL | F169: 2082486.4 | G169: 22907350
A170: =VLOOKUP(item_inv!C170,kategori!$A$2:$B$121,2,FALSE) -> 15.05.01 | B170: PFA-140-ML | C170: ACC OPEN MESH | D170: 5.61 | E170: ML | F170: 15210 | G170: 85328.1
A171: =VLOOKUP(item_inv!C171,kategori!$A$2:$B$121,2,FALSE) -> 15.05.01 | B171: TCK106-50MM | C171: ACC OPEN MESH | D171: 17.37 | E171: ML | F171: 56878 | G171: 987970.86
A172: =VLOOKUP(item_inv!C172,kategori!$A$2:$B$121,2,FALSE) -> 15.05.01 | B172: TCK 110-190MM | C172: ACC OPEN MESH | D172: 44.77 | E172: ML | F172: 134546 | G172: 6023624.4
... A175: =VLOOKUP(item_inv!C175,kategori!$A$2:$B$121,2,FALSE) -> 15.05.01 | B175: TCK106-50MMWX62ML | C175: ACC OPEN MESH | D175: 5 | E175: RL | F175: 3473252.7 | G175: 17366264
A176: =VLOOKUP(item_inv!C176,kategori!$A$2:$B$121,2,FALSE) -> 15.05.01 | B176: SKIVED PTH 250W | C176: ACC OPEN MESH | G176: 0
A177: =VLOOKUP(item_inv!C177,kategori!$A$2:$B$121,2,FALSE) -> 15.05.01 | B177: SKIVED TAPE RED 150MM@246 | C177: ACC OPEN MESH | D177: 1 | E177: RL | F177: 4150360 | G177: 4150360
A178: =VLOOKUP(item_inv!C178,kategori!$A$2:$B$121,2,FALSE) -> 15.05.01 | B178: SKIVED PTH 750WX290ML | C178: ACC OPEN MESH | D178: 1 | E178: RL | F178: 16585176 | G178: 16585176
A179: =VLOOKUP(item_inv!C179,kategori!$A$2:$B$121,2,FALSE) -> 15.05.01 | B179: PFA WHITE NEW 50MM-RL | C179: ACC OPEN MESH | D179: 11 | E179: RL | F179: 2280800 | G179: 25088800
A180: =VLOOKUP(item_inv!C180,kategori!$A$2:$B$121,2,FALSE) -> 15.05.01 | B180: PFA WHITE NEW300MM-RL | C180: ACC OPEN MESH | D180: 1 | E180: RL | F180: 13684800 | G180: 13684800
A181: =VLOOKUP(item_inv!C181,kategori!$A$2:$B$121,2,FALSE) -> 15.05.01 | B181: SKIVED TAPE 5CM-R180ML | C181: ACC OPEN MESH | D181: 8 | E181: RL | F181: 931200 | G181: 7449600
A182: =VLOOKUP(item_inv!C182,kategori!$A$2:$B$121,2,FALSE) -> 15.05.01 | B182: SKIVED PUTIH 50MM -RL | C182: ACC OPEN MESH | D182: 1 | E182: RL | F182: 1251400 | G182: 1251400
A183: =VLOOKUP(item_inv!C183,kategori!$A$2:$B$121,2,FALSE) -> 15.05.01 | B183: SKIVED PUTIH 60MM -ML | C183: ACC OPEN MESH | D183: 10.5 | E183: ML | F183: 5650 | G183: 59325
A184: =VLOOKUP(item_inv!C184,kategori!$A$2:$B$121,2,FALSE) -> 15.05.01 | B184: SKIVED PUTIH -100ML | C184: ACC OPEN MESH | D184: 203.48 | E184: ML | F184: 8050 | G184: 1638014
A185: =VLOOKUP(item_inv!C185,kategori!$A$2:$B$121,2,FALSE) -> 15.05.01 | B185: PFA-40mm | C185: ACC OPEN MESH | D185: 36 | E185: ML | F185: 6970 | G185: 250920
A186: =VLOOKUP(item_inv!C186,kategori!$A$2:$B$121,2,FALSE) -> 15.05.01 | B186: SKIVED RED 50MM | C186: ACC OPEN MESH | D186: 135.32 | E186: ML | F186: 5630 | G186: 761851.6
A187: =VLOOKUP(item_inv!C187,kategori!$A$2:$B$121,2,FALSE) -> 15.05.01 | B187: SKIVED PTH 43ML- RL | C187: ACC OPEN MESH | D187: 1 | E187: RL | F187: 1 | G187: 0
A188: =VLOOKUP(item_inv!C188,kategori!$A$2:$B$121,2,FALSE) -> 15.06.01 | B188: CF 3200 | C188: OPEN MESH BELT 9014 | D188: 16.23 | E188: ML | F188: 401448 | G188: 6515501
... A211: =VLOOKUP(item_inv!C211,kategori!$A$2:$B$121,2,FALSE) -> 15.06.04 | B211: 6015-1100 | C211: OPEN MESH BELT 6015 | D211: 20 | E211: ML | F211: 112026 | G211: 2240520
A212: 15.06.05 | B212: CF 2600HTM | C212: OPEN MESH BELT | D212: 97.5 | E212: ML | F212: 203267 | G212: 19818532
A213: 15.06.05 | B213: CF 2000HTM | C213: OPEN MESH BELT | D213: 80 | E213: ML | F213: 128985 | G213: 10318800
A214: 15.06.05 | B214: CF 1300HITAM | C214: OPEN MESH BELT | D214: 43 | E214: ML | F214: 94860 | G214: 4078980
A215: 15.06.05 | B215: CF 1000HITAM | C215: OPEN MESH BELT | D215: 50.09 | E215: ML | F215: 75772 | G215: 3795419.5
A216: 15.06.05 | B216: TCK 1590-1000 | C216: OPEN MESH BELT | D216: 0.83 | E216: ML | F216: 1051007 | G216: 872335.81
A217: 15.06.05 | B217: TCK 1590-1200 | C217: OPEN MESH BELT | D217: 5.03 | E217: ML | F217: 1056620 | G217: 5314798.6
A218: 15.06.05 | B218: TCK 1590-1740 | C218: OPEN MESH BELT | D218: 0.9 | E218: ML | F218: 1056620 | G218: 950958
A219: 15.06.05 | B219: TCK 1590-1900 | C219: OPEN MESH BELT | D219: 5.8 | E219: ML | F219: 1056620 | G219: 6128396
A220: 15.06.05 | B220: TCK 1590-2500 | C220: OPEN MESH BELT | D220: 3.46 | E220: ML | F220: 1071415 | G220: 3707095.9
A221: 15.06.05 | B221: TCK 1590-3300 | C221: OPEN MESH BELT | D221: 1.5 | E221: ML | F221: 2002876 | G221: 3004314
A222: 15.06.05 | B222: TCK 1590-400 | C222: OPEN MESH BELT | D222: 13.43 | E222: ML | F222: 865257 | G222: 11620402
A223: 15.06.05 | B223: TCK 1590-730 | C223: OPEN MESH BELT | D223: 16.9 | E223: ML | F223: 902467 | G223: 15251692
A224: 15.06.05 | B224: TCK 1590-750 | C224: OPEN MESH BELT | D224: 11 | E224: ML | F224: 355045 | G224: 3905495
A225: =VLOOKUP(item_inv!C225,kategori!$A$2:$B$121,2,FALSE) -> 15.07.01 | B225: PVC WHITE | C225: PVC WHITE | D225: 114.1 | E225: M2 | F225: 112535 | G225: 12840244
A226: =VLOOKUP(item_inv!C226,kategori!$A$2:$B$121,2,FALSE) -> 15.07.02 | B226: PVC GREEN 2MM | C226: PVC GREEN | D226: 269.62 | E226: M2 | F226: 121351 | G226: 32718657
A227: =VLOOKUP(item_inv!C227,kategori!$A$2:$B$121,2,FALSE) -> 15.07.02 | B227: PVC GREEN 2.6MM | C227: PVC GREEN | D227: 32 | E227: M2 | F227: 322640 | G227: 10324480
A228: =VLOOKUP(item_inv!C228,kategori!$A$2:$B$121,2,FALSE) -> 15.07.03 | B228: UPRO #1MM | C228: PVC BELT | D228: 0 | E228: M2 | F228: 206516 | G228: 0
A229: =VLOOKUP(item_inv!C229,kategori!$A$2:$B$121,2,FALSE) -> 15.07.03 | B229: UPRO #1.2MM | C229: PVC BELT | D229: 11.91 | E229: M2 | F229: 170927 | G229: 2035740.6
A230: =VLOOKUP(item_inv!C230,kategori!$A$2:$B$121,2,FALSE) -> 15.07.04 | B230: PU WHITE 1.5 MMX2000 | C230: PU WHITE | D230: 136.77 | E230: M2 | F230: 265142 | G230: 36263471
A231: =VLOOKUP(item_inv!C231,kategori!$A$2:$B$121,2,FALSE) -> 15.07.04 | B231: PU WHITE 1.5 MMX2000 @107 | C231: PU WHITE | D231: 1 | E231: RL | F231: 41990210 | G231: 41990210
A232: =VLOOKUP(item_inv!C232,kategori!$A$2:$B$121,2,FALSE) -> 15.07.04 | B232: PU WHITE 1.2 MMX1950 | C232: PU WHITE | D232: 206.7 | E232: M2 | F232: 162952 | G232: 33682178
A233: =VLOOKUP(item_inv!C233,kategori!$A$2:$B$121,2,FALSE) -> 15.07.05 | B233: X-NNI-576070CP1500 | C233: PVC AMMERAAL | D233: 145.84 | E233: M2 | F233: 627169.15 | G233: 91466349
A234: =VLOOKUP(item_inv!C234,kategori!$A$2:$B$121,2,FALSE) -> 15.07.06 | B234: X-NNI-56780CP#3.2MM | C234: AMMERALL BELT | D234: 157.6 | E234: M2 | F234: 1071424.7 | G234: 1.6885654e+08
...

Sheet Sheet2
B1: jenis barang | C1: Kode | D1: TYPE / | E1: Qty | F1: Satuan | G1: Harga | H1: TOTAL
A2: 1 | B2: ISOLASI | C2: SG25T03-8mm | D2: ISOLASI TAHAN PANAS | E2: 78 | F2: RL | G2: 24409.78 | H2: 1903962.8 | I2: ok
A3: 2 | C3: SG25T03-10mm | D3: ISOLASI TAHAN PANAS | E3: 108 | F3: RL | G3: 30341.33 | H3: 3276863.6 | I3: ok
A4: 3 | C4: SG25T03-13mm | D4: ISOLASI TAHAN PANAS | E4: 132 | F4: RL | G4: 39264.64 | H4: 5182932.5 | I4: ok
A5: 4 | C5: SG25T03-19mm | D5: ISOLASI TAHAN PANAS | E5: 99 | F5: RL | G5: 56965.24 | H5: 5639558.8 | I5: ok
A6: 5 | C6: SG25T03-20mm | D6: ISOLASI TAHAN PANAS | E6: 6 | F6: RL | G6: 64841.98 | H6: 389051.88 | I6: ok
A7: 6 | C7: SG25T03-25mm | D7: ISOLASI TAHAN PANAS | E7: 44 | F7: RL | G7: 74995.91 | H7: 3299820 | I7: ok
A8: 7 | C8: SG25T03-30mm | D8: ISOLASI TAHAN PANAS | E8: 0 | F8: RL | G8: 97283.68 | H8: 0
A9: 8 | C9: SG25T03-40mm | D9: ISOLASI TAHAN PANAS | E9: 0 | F9: RL | H9: 0
A10: 9 | C10: SG25T03-50mm | D10: ISOLASI TAHAN PANAS | E10: 40 | F10: RL | G10: 150271.06 | H10: 6010842.4 | I10: ok
A11: 10 | C11: SG25T03-60mm | D11: ISOLASI TAHAN PANAS | E11: 0 | F11: RL | H11: 0
A12: 11 | C12: SG25T03-100mm | D12: ISOLASI TAHAN PANAS | E12: 0 | F12: RL | H12: 0
A13: 12 | C13: SG25T03- 1000mm | D13: ISOLASI TAHAN PANAS | E13: 210 | F13: RL | G13: 3031087 | H13: 636528270 | I13: ok
A14: 13 | C14: SG25T05-500MM | D14: ISOLASI TAHAN PANAS | E14: 2 | F14: RL | G14: 3066199 | H14: 6132398 | I14: ok
A15: 14 | C15: SG25T05-50MM | D15: ISOLASI TAHAN PANAS | E15: 1 | F15: RL | G15: 306620 | H15: 306620 | I15: ok
A16: 15 | B16: ISOLASI | C16: N973UL-8 | D16: ISOLASI TAHAN PANAS | E16: 5 | F16: RL | G16: 24370.5 | H16: 121852.5 | I16: ok
A17: 16 | C17: N973UL-10 | D17: ISOLASI TAHAN PANAS | E17: 44 | F17: RL | G17: 35199 | H17: 1548756 | I17: ok
A18: 17 | C18: N973UL-13 | D18: ISOLASI TAHAN PANAS | E18: 114 | F18: RL | G18: 46304.18 | H18: 5278676.5 | I18: ok
A19: 18 | C19: N973UL-19 | D19: ISOLASI TAHAN PANAS | E19: 16 | F19: RL | G19: 67008.74 | H19: 1072139.8 | I19: ok
A20: 19 | C20: N973UL-25 | D20: ISOLASI TAHAN PANAS | E20: 45 | F20: RL | G20: 88136.82 | H20: 3966156.9 | I20: ok
A21: 20 | C21: N973UL-30 | D21: ISOLASI TAHAN PANAS | E21: 0 | F21: RL | H21: 0
A22: 21 | C22: N973UL-50 | D22: ISOLASI TAHAN PANAS | E22: 9 | F22: RL | G22: 133976.68 | H22: 1205790.1 | I22: ok
A23: 22 | C23: N973UL-300 | D23: ISOLASI TAHAN PANAS | E23: 1 | F23: RL | G23: 1139549 | H23: 1139549 | I23: ok
A24: 23 | C24: N973UL-600 | D24: ISOLASI TAHAN PANAS | E24: 17 | F24: RL | G24: 2185436 | H24: 37152412 | I24: ok
A25: 24 | B25: ISOLASI | C25: N903UL-13 | D25: ISOLASI TAHAN PANAS | E25: 538 | F25: RL | G25: 55113 | H25: 29650794 | I25: ok
A26: 25 | C26: N903UL-19 | D26: ISOLASI TAHAN PANAS | E26: 104 | F26: RL | G26: 80493 | H26: 8371272 | I26: ok
A27: 26 | C27: N903UL-25 | D27: ISOLASI TAHAN PANAS | E27: 0 | F27: RL | H27: 0
A28: 27 | C28: N903UL-50 | D28: ISOLASI TAHAN PANAS | E28: 61 | F28: RL | G28: 210264 | H28: 12826104 | I28: ok
A29: 28 | B29: ISOLASI | C29: N923S-38 | D29: ISOLASI TAHAN PANAS | E29: 52 | F29: RL | G29: 1018374.1 | H29: 52955451 | I29: ok
A30: 29 | C30: N923S-50 | D30: ISOLASI TAHAN PANAS | E30: 32 | F30: RL | G30: 1129934 | H30: 36157889 | I30: ok
A31: 30 | B31: ISOLASI | C31: N973UL-13 D | D31: ISOLASI TAHAN PANAS | E31: 462 | F31: RL | G31: 56967.16 | H31: 26318828 | I31: ok
A32: 31 | C32: N973UL-19 D | D32: ISOLASI TAHAN PANAS | E32: 196 | F32: RL | G32: 81702.88 | H32: 16013764 | I32: ok
A33: 32 | C33: N973UL-25 D | D33: ISOLASI TAHAN PANAS | E33: 290 | F33: RL | G33: 107996.06 | H33: 31318857 | I33: ok
A34: 33 | C34: N973UL-50 D | D34: ISOLASI TAHAN PANAS | E34: 18 | F34: RL | G34: 183206.12 | H34: 3297710.2 | I34: ok
A35: 34 | C35: N973 0.18-50 D | D35: ISOLASI TAHAN PANAS | E35: 115 | F35: RL | G35: 301099.23 | H35: 34626411 | I35: ok
A36: 35 | B36: ISOLASI | C36: CHK AGF 100-10MM | D36: ISOLASI TAHAN PANAS | E36: 376 | F36: RL | G36: 54791.08 | H36: 20601446 | I36: ok
A37: 36 | C37: CHK AGF 100-25MM | D37: ISOLASI TAHAN PANAS | E37: 155 | F37: RL | G37: 136907.12 | H37: 21220604 | I37: ok
A38: 37 | C38: CHK AGF 100-50MM | D38: ISOLASI TAHAN PANAS | E38: 228 | F38: RL | G38: 272189.33 | H38: 62059167 | I38: ok
A39: 38 | C39: CHK ASF 110-50MM | D39: ISOLASI TAHAN PANAS | E39: 186 | F39: RL | G39: 281746 | H39: 52404756 | I39: ok
A40: 39 | C40: CHK ASF 110-250MM | D40: ISOLASI TAHAN PANAS | E40: 11 | F40: RL | G40: 1427360.1 | H40: 15700961 | I40: ok
A41: 40 | C41: CHK AGF 0.13-25MM | D41: ISOLASI TAHAN PANAS | E41: 77 | F41: RL | G41: 99488.96 | H41: 7660649.9 | I41: ok
A42: 41 | C42: CHK AGF 0.13-13MM | D42: ISOLASI TAHAN PANAS | E42: 571 | F42: RL | G42: 55068.39 | H42: 31444051 | I42: ok
A43: 42 | C43: CHK AGF 0.13-50MM | D43: ISOLASI TAHAN PANAS | E43: 98 | F43: RL | G43: 148696.32 | H43: 14572239 | I43: ok
A44: 43 | C44: CHK ASF 121 -13MM | D44: ISOLASI TAHAN PANAS | E44: 159 | F44: RL | G44: 53218.73 | H44: 8461778.1 | I44: ok
A45: 44 | B45: ISOLASI | C45: TP-500MM | D45: ISOLASI TAHAN PANAS | E45: 18 | F45: RL | G45: 564625.38 | H45: 10163257 | I45: ok
A46: 45 | C46: TP-13MM | D46: ISOLASI TAHAN PANAS | E46: 0 | F46: RL | H46: 0
A47: 46 | C47: TP- 19MM | D47: ISOLASI TAHAN PANAS | E47: 26 | F47: RL | G47: 21028.64 | H47: 546744.64 | I47: ok
A48: 47 | C48: TP 400 WHITE | D48: ISOLASI TAHAN PANAS | E48: 1 | F48: RL | G48: 0 | H48: 0 | I48: ok
A49: 48 | B49: ISOLASI | C49: R253-375 | D49: ISOLASI TAHAN PANAS | E49: 5 | F49: RL | G49: 7687224 | H49: 38436120 | I49: ok
A50: 49 | C50: R253-50 | D50: ISOLASI TAHAN PANAS | E50: 3 | F50: RL | G50: 1097704 | H50: 3293112 | I50: ok
A51: 50 | C51: R253-38 | D51: ISOLASI TAHAN PANAS | E51: 2 | F51: RL | G51: 785468 | H51: 1570936 | I51: ok
A52: 51 | C52: R253-25 | D52: ISOLASI TAHAN PANAS | E52: 102 | F52: RL | G52: 77960 | H52: 7951920 | I52: ok
A53: 52 | C53: PSAT2255-585 | D53: ISOLASI TAHAN PANAS | E53: 10 | F53: RL | G53: 6628453 | H53: 66284530 | I53: ok
A54: 53 | C54: PSAT2255-50 | D54: ISOLASI TAHAN PANAS | E54: 1 | F54: RL | G54: 539069 | H54: 539069 | I54: ok
A55: 54 | C55: PSAT 2255-38 | D55: ISOLASI TAHAN PANAS | E55: 1 | F55: RL | G55: 362317 | H55: 362317 | I55: ok
A56: 55 | C56: PSAT2255-25 | D56: ISOLASI TAHAN PANAS | E56: 14 | F56: RL | G56: 268178 | H56: 3754492 | I56: ok
A57: 56 | C57: PSAT2253-38 | D57: ISOLASI TAHAN PANAS | E57: 12 | F57: RL | G57: 299240 | H57: 3590880 | I57: ok
A58: 57 | C58: PSAT2300-10R-650 | D58: ISOLASI TAHAN PANAS | E58: 4 | F58: RL | G58: 6566243.6 | H58: 26264974 | I58: ok
A59: 58 | C59: PSAT2300-10R-25 | D59: ISOLASI TAHAN PANAS | E59: 44 | F59: RL | G59: 256190 | H59: 11272360 | I59: ok
A60: 59 | C60: PSAT2300-10R-24 | D60: ISOLASI TAHAN PANAS | E60: 20 | F60: RL | G60: 0 | H60: 0 | I60: ok
A61: 60 | C61: PSAT2253-25 | D61: ISOLASI TAHAN PANAS | E61: 5 | F61: RL | G61: 77641 | H61: 388205 | I61: ok
A62: 61 | B62: FABRIC | C62: CF 205 | D62: PTFE COATED FABRIC | E62: 13.9 | F62: ML | G62: 247368 | H62: 3438415.2 | I62: ok
A63: 62 | C63: CF 305 | D63: PTFE COATED FABRIC | E63: 30 | F63: ML | G63: 222320 | H63: 6669600 | I63: ok
A64: 63 | C64: CF 206 | D64: PTFE COATED FABRIC | E64: 260.15 | F64: ML | G64: 371892 | H64: 96747704 | I64: ok
A65: 64 | C65: CF 310 | D65: PTFE COATED FABRIC | E65: 4 | F65: ML | G65: 318547 | H65: 1274188 | I65: ok
A66: 65 | C66: CF 310 -150X19750 | D66: PTFE COATED FABRIC | E66: 2 | F66: RL | G66: 453013 | H66: 906026
A67: 66 | C67: CF 314 | D67: PTFE COATED FABRIC | E67: 4 | F67: ML | G67: 468189 | H67: 1872756 | I67: ok
A68: 67 | C68: CF 910-1 | D68: PTFE COATED FABRIC | E68: 11 | F68: ML | G68: 161130 | H68: 1772430 | I68: ok
A69: 68 | C69: CF 105 | D69: PTFE COATED FABRIC | E69: 20 | F69: ML | G69: 263080 | H69: 5261600 | I69: ok
A70: 69 | C70: CF 105-R50 | D70: PTFE COATED FABRIC | E70: 1 | F70: RL | G70: 11381882 | H70: 11381882 | I70: ok
A71: 70 | C71: CF 110-1AS | D71: PTFE COATED FABRIC | E71: 15.91 | F71: ML | G71: 606390 | H71: 9647664.9 | I71: ok
A72: 71 | C72: CF 205AS | D72: PTFE COATED FABRIC | E72: 11 | F72: ML | G72: 219414 | H72: 2413554 | I72: ok
A73: 72 | C73: CF 214AS | D73: PTFE COATED FABRIC | E73: 1.22 | F73: ML | G73: 653290 | H73: 797013.8 | I73: ok
A74: 73 | C74: CF 214AS-2000 | D74: PTFE COATED GLASS | E74: 16.15 | F74: ML | G74: 1378571 | H74: 22263922 | I74: ok
A75: 74 | C75: CF 310ASS | D75: PTFE COATED FABRIC | E75: 1 | F75: ML | G75: 199285 | H75: 199285 | I75: ok
A76: 75 | C76: CF 310AS | D76: PTFE COATED FABRIC | E76: 6.2 | F76: ML | G76: 410974 | H76: 2548038.8 | I76: ok
A77: 76 | C77: CF 310AS-100X19000 | D77: PTFE COATED FABRIC | E77: 2 | F77: RL | G77: 456250 | H77: 912500 | I77: ok
A78: 77 | C78: CF 310-500mmW | D78: PTFE COATED FABRIC | E78: 10 | F78: ML | G78: 158304 | H78: 1583040 | I78: ok
... A83: 82 | C83: TF 310 AJ 150x19750 | D83: PTFE COATED FABRIC | E83: 4 | F83: PCS | G83: 498901 | H83: 1995604 | I83: ok
A84: 83 | C84: TF 310AJ 130x18930 | D84: PTFE COATED FABRIC | E84: 1 | F84: PCS | H84: 0 | I84: ok
A85: 84 | C85: TF 9035 AJ | D85: PTFE COATED FABRIC | E85: 50 | F85: ML | G85: 254368 | H85: 12718400 | I85: ok
A86: 85 | C86: 9011AJ (205 KASAR) | D86: PTFE COATED FABRIC | E86: 29 | F86: ML | G86: 94115 | H86: 2729335 | I86: ok
A87: 86 | C87: TF 9040 BJ | D87: PTFE COATED FABRIC | E87: 12.6 | F87: ML | G87: 558788.55 | H87: 7040735.7 | I87: ok
A88: 87 | C88: TF 9035-2000 | D88: PTFE COATED FABRIC | E88: 13 | F88: ML | H88: 0
A89: 88 | C89: TF 9013BJ -650MM @50ML | D89: PTFE COATED FABRIC | E89: 1 | F89: RL | G89: 3134479 | H89: 3134479 | I89: ok
A90: 89 | C90: TF 9013J-RL 50MM | D90: PTFE COATED FABRIC | E90: 2 | F90: RL | G90: 241114 | H90: 482228 | I90: ok
A91: 90 | C91: TF 9013BJ- 50MM | D91: PTFE COATED FABRIC | E91: 24 | F91: ML | G91: 4906 | H91: 117744 | I91: ok
A92: 91 | C92: TF 607 RS | D92: PTFE COATED FABRIC | E92: 177.7 | F92: ML | G92: 68176.18 | H92: 12114907 | I92: ok
A93: 92 | C93: TF 613 LBW | D93: PTFE COATED FABRIC | E93: 5.5 | F93: ML | G93: 58568.77 | H93: 322128.23 | I93: ok
A94: 93 | C94: TF 610 RS | D94: PFFE COATED FABRIC | E94: 315 | F94: ML | G94: 60529.76 | H94: 19066874 | I94: ok
A95: 94 | C95: TF 618 RS | D95: PTFE COATED FABRIC | E95: 195 | G95: 93320.21 | H95: 18197441 | I95: ok
A96: 95 | C96: TF 910 P | D96: PTFE COATED FABRIC | E96: 336.6 | F96: ML | G96: 40217 | H96: 13537042 | I96: ok
A97: 96 | C97: TF 910P-10ML | D97: PTFE COATED FABRIC | E97: 1 | F97: RL | G97: 563736.4 | H97: 563736.4
A98: 97 | C98: TF 910A | D98: PTFE COATED FABRIC | E98: 315 | F98: ML | G98: 58652 | H98: 18475380 | I98: ok
A99: 98 | C99: TF 920 P | D99: PTFE COATED FABRIC | E99: 419 | F99: ML | G99: 92342 | H99: 38691298 | I99: ok
A100: 99 | C100: TF 613 RS | D100: PTFE COATED FABRIC | E100: 419.6 | F100: ML | G100: 74366 | H100: 31203974 | I100: ok
A101: 100 | C101: TF 613 RS-10ML | D101: PTFE COATED FABRIC | E101: 1 | F101: RL | G101: 977973 | H101: 977973
A102: 101 | C102: TF 615 RS | D102: PTFE COATED FABRIC | E102: 107 | F102: ML | G102: 113816.1 | H102: 12178323 | I102: ok
A103: 102 | C103: N970-2-0.05 | D103: PTFE COATED FABRIC | E103: 20 | F103: ML | G103: 143140 | H103: 2862800 | I103: ok
A104: 103 | C104: N970-2-0.07 | D104: PTFE COATED FABRIC | E104: 5 | F104: RL | G104: 3650818.4 | H104: 18254092 | I104: ok
...
